sampleID,lineage,siteID,spiroplasmgencovepercent,infectiostatus,gender,latitude,longitude
SDS06-010A,ingens,A_Monarch,97.8822,1,f,36.41429,-118.54783
SDS06-010B,ingens,A_Monarch,97.195,1,f,36.41429,-118.54783
SDS06-275A,ingens,A_Monarch,97.4574,1,f,36.41429,-118.54783
SDS06-275B,ingens,A_Monarch,97.2562,1,m,36.41429,-118.54783
SDS06-275C,ingens,A_Monarch,97.0688,1,f,36.41429,-118.54783
SDS06-275D,ingens,A_Monarch,96.3743,1,f,36.41429,-118.54783
SDS06-306A,ingens,B_Army,98.552,1,m,36.50159,-118.24711
SDS06-306B,ingens,B_Army,98.567,1,m,36.50159,-118.24711
SDS06-322B,ingens,B_Army,0.479,0,f,36.50159,-118.24711
SDS06-322C,ingens,B_Army,98.19,1,m,36.50159,-118.24711
SDS06-322D,ingens,B_Army,97.3101,1,f,36.50159,-118.24711
SDS06-332A,ingens,B_Army,98.2051,1,f,36.50159,-118.24711
SDS06-332B,ingens,B_Army,2.4974,0,f,36.50159,-118.24711
SDS06-332C,ingens,B_Army,99.0213,1,m,36.50159,-118.24711
SDS06-332D,ingens,B_Army,98.2191,1,f,36.50159,-118.24711
SDS06-340A,ingens,B_Army,2.2081,0,f,36.50159,-118.24711
SDS06-340B,ingens,B_Army,98.384,1,f,36.50159,-118.24711
SDS06-340C,ingens,B_Army,98.5862,1,m,36.50159,-118.24711
SDS06-340D,ingens,B_Army,97.0144,1,m,36.50159,-118.24711
SDS06-340E,ingens,B_Army,97.6108,1,f,36.50159,-118.24711
SDS06-340F,ingens,B_Army,97.4555,1,f,36.50159,-118.24711
SDS06-340G,ingens,B_Army,97.2235,1,f,36.50159,-118.24711
SDS06-340H,ingens,B_Army,97.238,1,f,36.50159,-118.24711
YMW17-112,ingens,B_Army,2.5717,0,f,36.50159,-118.24711
YMW17-120,ingens,B_Army,1.4001,0,f,36.50159,-118.24711
YMW17-122,ingens,B_Army,96.9387,1,m,36.50159,-118.24711
YMW17-124,ingens,B_Army,4.0496,0,f,36.50159,-118.24711
YMW17-125,ingens,B_Army,1.3071,0,f,36.50159,-118.24711
YMW17-127,ingens,B_Army,1.95,0,f,36.50159,-118.24711
YMW17-129,ingens,B_Army,97.9775,1,f,36.50159,-118.24711
YMW17-130,ingens,B_Army,1.6821,0,m,36.50159,-118.24711
YMW17-131,ingens,B_Army,1.6963,0,f,36.50159,-118.24711
YMW17-132,ingens,B_Army,1.6447,0,m,36.50159,-118.24711
YMW17-134,ingens,B_Army,1.5248,0,f,36.50159,-118.24711
YMW17-135,ingens,B_Army,97.0456,1,f,36.50159,-118.24711
YMW17-136,ingens,B_Army,2.4347,0,f,36.50159,-118.24711
YMW17-137,ingens,B_Army,96.5863,1,m,36.50159,-118.24711
YMW17-142,ingens,B_Army,97.8947,1,f,36.50159,-118.24711
YMW17-143,ingens,B_Army,1.5893,0,f,36.50159,-118.24711
YMW17-144,ingens,B_Army,4.3594,0,f,36.50159,-118.24711
YMW17-145,ingens,B_Army,6.0865,0,?,36.50159,-118.24711
SEKI-0744,ingens,C_Crabtree,95.4951,1,f,36.54445,-118.32363
SEKI-0745,ingens,C_Crabtree,98.4756,1,f,36.54445,-118.32363
SEKI-0746,ingens,C_Crabtree,7.3343,0,m,36.54445,-118.32363
SEKI-0747A,ingens,C_Crabtree,95.7547,1,f,36.54445,-118.32363
SEKI-0747B,ingens,C_Crabtree,97.5846,1,f,36.54445,-118.32363
SEKI-0747C,ingens,C_Crabtree,98.0027,1,f,36.54445,-118.32363
SEKI-0747D,ingens,C_Crabtree,97.7556,1,f,36.54445,-118.32363
SEKI-0747F,ingens,C_Crabtree,97.3347,1,f,36.54445,-118.32363
SEKI-0747G,ingens,C_Crabtree,97.8434,1,f,36.54445,-118.32363
SEKI-0747H,ingens,C_Crabtree,1.9123,0,m,36.54445,-118.32363
SEKI-0747I,ingens,C_Crabtree,98.2938,1,f,36.54445,-118.32363
SEKI-0747J,ingens,C_Crabtree,3.1963,0,m,36.54445,-118.32363
SEKI-0747K,ingens,C_Crabtree,98.6585,1,f,36.54445,-118.32363
SDS06-231A,ingens,D_Pear,0.4431,0,m,36.59707,-118.6658
SDS06-231B,ingens,D_Pear,97.1017,1,m,36.59707,-118.6658
SDS06-231C,ingens,D_Pear,96.3926,1,m,36.59707,-118.6658
SDS06-231D,ingens,D_Pear,97.5913,1,f,36.59707,-118.6658
SDS06-231E,ingens,D_Pear,1.228,0,m,36.59707,-118.6658
SDS06-231F,ingens,D_Pear,0.5732,0,f,36.59707,-118.6658
SDS06-231G,ingens,D_Pear,97.4795,1,f,36.59707,-118.6658
SDS06-231H,ingens,D_Pear,97.0856,1,f,36.59707,-118.6658
SDS06-231I,ingens,D_Pear,97.298,1,f,36.59707,-118.6658
SDS06-231J,ingens,D_Pear,1.6021,0,f,36.59707,-118.6658
SDS06-231K,ingens,D_Pear,1.0398,0,m,36.59707,-118.6658
SDS06-231L,ingens,D_Pear,1.9033,0,f,36.59707,-118.6658
SEKI-0472A,ingens,E_Wright,97.7313,1,f,36.63116,-118.34489
SEKI-0472B,ingens,E_Wright,98.2839,1,f,36.63116,-118.34489
SEKI-0472D,ingens,E_Wright,96.0944,1,f,36.63116,-118.34489
SEKI-0472E,ingens,E_Wright,1.6164,0,m,36.63116,-118.34489
SEKI-0472F,ingens,E_Wright,0.7378,0,f,36.63116,-118.34489
SEKI-0472G,ingens,E_Wright,95.4003,1,f,36.63116,-118.34489
SEKI-0473A,ingens,E_Wright,97.9408,1,f,36.63116,-118.34489
SEKI-0473B,ingens,E_Wright,99.0549,1,f,36.63116,-118.34489
SEKI-0473C,ingens,E_Wright,0.9012,0,f,36.63116,-118.34489
SEKI-0473D,ingens,E_Wright,95.9732,1,m,36.63116,-118.34489
SEKI-0473E,ingens,E_Wright,98.3358,1,m,36.63116,-118.34489
SEKI-0473F,ingens,E_Wright,1.102,0,f,36.63116,-118.34489
SEKI-0473G,ingens,E_Wright,1.4764,0,m,36.63116,-118.34489
SEKI-0473H,ingens,E_Wright,2.5882,0,m,36.63116,-118.34489
SEKI-0330,ingens,F_SForester,1.1451,0,m,36.63116,-118.34489
SEKI-0331,ingens,F_SForester,96.4041,1,m,36.63116,-118.34489
SEKI-0339A,ingens,F_SForester,0.7606,0,f,36.63116,-118.34489
SEKI-0339B,ingens,F_SForester,1.6329,0,m,36.63116,-118.34489
SEKI-0339C,ingens,F_SForester,1.7201,0,f,36.63116,-118.34489
SEKI-0339D,ingens,F_SForester,0.3146,0,m,36.63116,-118.34489
SEKI-0339E,ingens,F_SForester,1.6054,0,f,36.63116,-118.34489
SEKI-0339F,ingens,F_SForester,1.0172,0,f,36.63116,-118.34489
SEKI-0339G,ingens,F_SForester,1.5116,0,f,36.63116,-118.34489
SEKI-0339H,ingens,F_SForester,0.761,0,f,36.63116,-118.34489
SEKI-0339I,ingens,F_SForester,0.9904,0,f,36.63116,-118.34489
SEKI-0339J,ingens,F_SForester,3.7352,0,m,36.63116,-118.34489
SEKI-0339L,ingens,F_SForester,97.8537,1,m,36.63116,-118.34489
SEKI-0339M,ingens,F_SForester,97.4043,1,f,36.63116,-118.34489
SEKI-0339N,ingens,F_SForester,1.3627,0,f,36.63116,-118.34489
SEKI-0339O,ingens,F_SForester,83.4758,1,f,36.63116,-118.34489
SEKI-0317B,ingens,G_NForester,98.1859,1,f,36.71056,-118.3711
SEKI-0317C,ingens,G_NForester,98.0876,1,f,36.71056,-118.3711
SEKI-0317E,ingens,G_NForester,94.8935,1,f,36.71056,-118.3711
SEKI-0317F,ingens,G_NForester,0.0437,0,f,36.71056,-118.3711
SEKI-0565,ingens,H_Millys,0.1341,0,m,36.69039,-118.43453
SEKI-0566,ingens,H_Millys,96.4028,1,f,36.69039,-118.43453
SEKI-0570,ingens,H_Millys,98.5354,1,f,36.69039,-118.43453
SEKI-0571,ingens,H_Millys,89.1824,1,f,36.69039,-118.43453
SEKI-0572B,ingens,H_Millys,98.268,1,m,36.69039,-118.43453
SEKI-0572C,ingens,H_Millys,97.3689,1,f,36.69039,-118.43453
SEKI-0572D,ingens,H_Millys,98.0312,1,f,36.69039,-118.43453
SEKI-0572E,ingens,H_Millys,96.9012,1,m,36.69039,-118.43453
SEKI-0572F,ingens,H_Millys,1.427,0,f,36.69039,-118.43453
SEKI-0572H,ingens,H_Millys,0.2027,0,f,36.69039,-118.43453
SEKI-0572I,ingens,H_Millys,1.2392,0,f,36.69039,-118.43453
SEKI-0572J,ingens,H_Millys,97.1682,1,f,36.69039,-118.43453
SEKI-0572K,ingens,H_Millys,97.8443,1,f,36.69039,-118.43453
SDS06-225,ingens,I_Sphinx,97.515,1,m,36.71427,-118.51487
SDS06-230,ingens,I_Sphinx,2.9424,0,f,36.71427,-118.51487
SDS06-038A,ingens,J_Sixty,97.9146,1,f,36.82479,-118.43382
SDS06-038B,ingens,J_Sixty,99.2248,1,f,36.82479,-118.43382
SEKI-0172,ingens,J_Sixty,99.288,1,f,36.82479,-118.43382
SEKI-0989,ingens,J_Sixty,94.3911,1,f,36.82479,-118.43382
YMW18-151,ingens,K_Taboose,98.1442,1,f,36.97993,-118.39877
YMW18-152,ingens,K_Taboose,99.2171,1,f,36.97993,-118.39877
YMW18-153,ingens,K_Taboose,3.1438,0,f,36.97993,-118.39877
YMW18-154,ingens,K_Taboose,1.8913,0,f,36.97993,-118.39877
YMW18-155,ingens,K_Taboose,99.0846,1,f,36.97993,-118.39877
YMW18-156,ingens,K_Taboose,2.1915,0,f,36.97993,-118.39877
YMW18-157,ingens,K_Taboose,99.3264,1,f,36.97993,-118.39877
YMW18-158,ingens,K_Taboose,1.9744,0,f,36.97993,-118.39877
YMW18-159,ingens,K_Taboose,98.1912,1,f,36.97993,-118.39877
YMW18-160,ingens,K_Taboose,99.0684,1,f,36.97993,-118.39877
YMW18-168,ingens,K_Taboose,98.6582,1,m,36.97993,-118.39877
YMW18-171,ingens,K_Taboose,10.5846,0,m,36.97993,-118.39877
YMW18-176,ingens,K_Taboose,4.8557,0,m,36.97993,-118.39877
SEKI-0786A,ingens,L_Dusy,96.6179,1,m,37.09534,-118.53421
SEKI-0786C,ingens,L_Dusy,98.8689,1,f,37.09534,-118.53421
SEKI-0786D,ingens,L_Dusy,98.4237,1,f,37.09534,-118.53421
SEKI-0786E,ingens,L_Dusy,99.38,1,m,37.09534,-118.53421
SEKI-0826B,ingens,L_Dusy,98.7462,1,f,37.09534,-118.53421
SDS06-105K,ingens,M_SamMack,99.0453,1,f,37.11192,-118.51174
SDS06-105L,ingens,M_SamMack,97,1,f,37.11192,-118.51174
SDS06-105M,ingens,M_SamMack,99.4203,1,f,37.11192,-118.51174
SDS06-105N,ingens,M_SamMack,98.809,1,m,37.11192,-118.51174
SDS06-105O,ingens,M_SamMack,2.4877,0,f,37.11192,-118.51174
SDS06-110,ingens,M_SamMack,99.2604,1,f,37.11192,-118.51174
SDS08-025A,ingens,M_SamMack,0.5865,0,f,37.11192,-118.51174
SDS08-025B,ingens,M_SamMack,0.6251,0,f,37.11192,-118.51174
SDS08-025E,ingens,M_SamMack,99.0511,1,m,37.11192,-118.51174
SDS08-025F,ingens,M_SamMack,98.9859,1,f,37.11192,-118.51174
SDS08-025H,ingens,M_SamMack,99.2726,1,f,37.11192,-118.51174
SDS08-025I,ingens,M_SamMack,98.4261,1,f,37.11192,-118.51174
SDS08-025J,ingens,M_SamMack,99.0737,1,f,37.11192,-118.51174
SDS08-031,ingens,M_SamMack,2.1022,0,f,37.11192,-118.51174
SDS08-032A,ingens,M_SamMack,2.3966,0,f,37.11192,-118.51174
SDS08-032B,ingens,M_SamMack,98.4948,1,f,37.11192,-118.51174
YMW17-25,hybrid,N_Treasure,98.9094,1,f,37.14502,-118.58003
YMW17-26,hybrid,N_Treasure,95.9094,1,f,37.14502,-118.58003
YMW17-27,hybrid,N_Treasure,1.6139,0,f,37.14502,-118.58003
YMW17-28,hybrid,N_Treasure,95.8901,1,m,37.14502,-118.58003
YMW17-29,hybrid,N_Treasure,99.0408,1,m,37.14502,-118.58003
YMW17-30,hybrid,N_Treasure,1.4712,0,f,37.14502,-118.58003
YMW17-31,hybrid,N_Treasure,3.0304,0,f,37.14502,-118.58003
YMW17-32,hybrid,N_Treasure,1.7346,0,f,37.14502,-118.58003
YMW17-35,hybrid,N_Treasure,96.7249,1,m,37.14502,-118.58003
YMW18-040,hybrid,N_Treasure,98.7457,1,f,37.14502,-118.58003
YMW18-044,hybrid,N_Treasure,96.4246,1,f,37.14502,-118.58003
YMW18-045,hybrid,N_Treasure,77.421,1,f,37.14502,-118.58003
YMW18-046,hybrid,N_Treasure,98.7869,1,f,37.14502,-118.58003
YMW18-047,hybrid,N_Treasure,1.4398,0,f,37.14502,-118.58003
YMW18-049,hybrid,N_Treasure,6.6899,0,f,37.14502,-118.58003
YMW18-050,hybrid,N_Treasure,98.5452,1,m,37.14502,-118.58003
YMW18-051,hybrid,N_Treasure,94.4764,1,m,37.14502,-118.58003
YMW17-52,hybrid,O_HungryP,98.5289,1,f,37.16094,-118.64077
YMW17-55,hybrid,O_HungryP,98.1685,1,m,37.16094,-118.64077
YMW17-56,hybrid,O_HungryP,97.0093,1,f,37.16094,-118.64077
YMW17-57,hybrid,O_HungryP,98.6604,1,m,37.16094,-118.64077
YMW17-58,hybrid,O_HungryP,98.2934,1,m,37.16094,-118.64077
YMW17-59,hybrid,O_HungryP,95.838,1,f,37.16094,-118.64077
YMW17-61,hybrid,O_HungryP,98.737,1,m,37.16094,-118.64077
YMW17-62,hybrid,O_HungryP,98.5843,1,m,37.16094,-118.64077
YMW17-63,hybrid,O_HungryP,98.5654,1,m,37.16094,-118.64077
YMW17-64,hybrid,O_HungryP,98.5915,1,f,37.16094,-118.64077
YMW17-152,hybrid,P_Lamarck,0.8546,0,m,37.20853,-118.65117
YMW17-153,hybrid,P_Lamarck,98.201,1,f,37.20853,-118.65117
YMW17-154,hybrid,P_Lamarck,97.858,1,f,37.20853,-118.65117
YMW17-155,hybrid,P_Lamarck,98.3172,1,f,37.20853,-118.65117
YMW17-157,hybrid,P_Lamarck,98.0885,1,f,37.20853,-118.65117
YMW17-159,hybrid,P_Lamarck,98.2862,1,f,37.20853,-118.65117
YMW17-162,hybrid,P_Lamarck,97.8554,1,m,37.20853,-118.65117
YMW17-163,hybrid,P_Lamarck,97.6893,1,f,37.20853,-118.65117
YMW17-164,hybrid,P_Lamarck,98.1218,1,f,37.20853,-118.65117
YMW17-165,hybrid,P_Lamarck,97.4735,1,f,37.20853,-118.65117
YMW17-166,hybrid,P_Lamarck,96.8698,1,m,37.20853,-118.65117
YMW17-167,hybrid,P_Lamarck,98.0456,1,f,37.20853,-118.65117
YMW17-169,hybrid,P_Lamarck,98.365,1,f,37.20853,-118.65117
YMW17-171,hybrid,P_Lamarck,98.6357,1,f,37.20853,-118.65117
YMW17-172,hybrid,P_Lamarck,97.3449,1,f,37.20853,-118.65117
YMW17-173,hybrid,P_Lamarck,98.3175,1,f,37.20853,-118.65117
SDS06-517A,hybrid,Q_Piute,1.9332,0,m,37.23683,-118.679944
SDS06-517B,hybrid,Q_Piute,98.1539,1,f,37.23683,-118.679944
SDS06-517C,hybrid,Q_Piute,98.5807,1,f,37.23683,-118.679944
SDS06-517D,hybrid,Q_Piute,99.0029,1,m,37.23683,-118.679944
SDS06-517E,hybrid,Q_Piute,98.5904,1,m,37.23683,-118.679944
SDS06-517F,hybrid,Q_Piute,99.1448,1,?,37.23683,-118.679944
YMW17-01,hybrid,Q_Piute,98.7685,1,?,37.23683,-118.679944
YMW17-03,hybrid,Q_Piute,1.9368,0,f,37.23683,-118.679944
YMW17-05,hybrid,Q_Piute,98.5692,1,f,37.23683,-118.679944
YMW17-06,hybrid,Q_Piute,96.8882,1,m,37.23683,-118.679944
YMW17-08,hybrid,Q_Piute,98.3138,1,f,37.23683,-118.679944
YMW17-10,hybrid,Q_Piute,2.1388,0,f,37.23683,-118.679944
YMW17-11,hybrid,Q_Piute,98.8902,1,f,37.23683,-118.679944
YMW17-13,hybrid,Q_Piute,1.6413,0,f,37.23683,-118.679944
YMW17-14,hybrid,Q_Piute,99.1583,1,f,37.23683,-118.679944
YMW17-17,hybrid,Q_Piute,1.2562,0,m,37.23683,-118.679944
YMW17-18,hybrid,Q_Piute,95.7857,1,f,37.23683,-118.679944
YMW17-19,hybrid,Q_Piute,97.0659,1,f,37.23683,-118.679944
YMW17-20,hybrid,Q_Piute,12.3272,0,f,37.23683,-118.679944
YMW17-21,hybrid,Q_Piute,2.2687,0,f,37.23683,-118.679944
YMW17-23,hybrid,Q_Piute,97.5653,1,?,37.23683,-118.679944
YMW17-24,hybrid,Q_Piute,97.5326,1,f,37.23683,-118.679944
SDS06-200A,hybrid,R_Selden,2.1229,0,f,37.28632,-118.88537
SDS06-200B,hybrid,R_Selden,3.1842,0,f,37.28632,-118.88537
SDS06-200D,hybrid,R_Selden,98.5151,1,f,37.28632,-118.88537
SDS06-200E,hybrid,R_Selden,98.6035,1,f,37.28632,-118.88537
SDS06-200F,hybrid,R_Selden,3.6806,0,m,37.28632,-118.88537
SDS06-200H,hybrid,R_Selden,96.9625,1,f,37.28632,-118.88537
SDS06-203A,hybrid,R_Selden,98.9188,1,f,37.28632,-118.88537
SDS06-203C,hybrid,R_Selden,98.8911,1,f,37.28632,-118.88537
SDS06-203D,hybrid,R_Selden,99.2005,1,f,37.28632,-118.88537
SDS06-203E,hybrid,R_Selden,2.6259,0,m,37.28632,-118.88537
SDS06-203F,hybrid,R_Selden,98.6605,1,m,37.28632,-118.88537
SDS06-209A,hybrid,R_Selden,96.4658,1,f,37.28632,-118.88537
SDS06-209B,hybrid,R_Selden,3.2682,0,f,37.28632,-118.88537
YMW17-179,hybrid,S_Italy,1.0104,0,f,37.34084,-118.76735
YMW17-180,hybrid,S_Italy,1.569,0,f,37.34084,-118.76735
YMW17-181,hybrid,S_Italy,95.927,1,m,37.34084,-118.76735
YMW17-182,hybrid,S_Italy,9.7018,0,f,37.34084,-118.76735
YMW17-183,hybrid,S_Italy,95.1764,1,f,37.34084,-118.76735
YMW17-185,hybrid,S_Italy,96.1803,1,m,37.34084,-118.76735
YMW17-186,hybrid,S_Italy,5.9172,0,f,37.34084,-118.76735
YMW17-188,hybrid,S_Italy,13.6305,0,f,37.34084,-118.76735
YMW17-190,hybrid,S_Italy,95.3683,1,f,37.34084,-118.76735
YMW17-191,hybrid,S_Italy,1.5876,0,m,37.34084,-118.76735
YMW17-80,hybrid,T_Ruby,7.2212,0,f,37.41155,-118.77399
YMW17-81,hybrid,T_Ruby,4.9573,0,f,37.41155,-118.77399
YMW17-83,hybrid,T_Ruby,12.3208,0,f,37.41155,-118.77399
YMW17-84,hybrid,T_Ruby,12.1083,0,f,37.41155,-118.77399
YMW17-85,hybrid,T_Ruby,3.6345,0,f,37.41155,-118.77399
YMW17-86,hybrid,T_Ruby,3.9316,0,m,37.41155,-118.77399
YMW17-87,hybrid,T_Ruby,5.8065,0,m,37.41155,-118.77399
YMW17-88,hybrid,T_Ruby,3.006,0,m,37.41155,-118.77399
YMW17-89,hybrid,T_Ruby,3.8441,0,m,37.41155,-118.77399
YMW17-90,hybrid,T_Ruby,3.7074,0,f,37.41155,-118.77399
YMW17-91,hybrid,T_Ruby,6.6886,0,m,37.41155,-118.77399
YMW17-92,hybrid,T_Ruby,94.8658,1,f,37.41155,-118.77399
YMW17-93,hybrid,T_Ruby,3.7313,0,m,37.41155,-118.77399
YMW17-94,hybrid,T_Ruby,1.3649,0,f,37.41155,-118.77399
YMW17-96,hybrid,T_Ruby,7.8927,0,f,37.41155,-118.77399
YMW17-99,hybrid,T_Ruby,11.5295,0,m,37.41155,-118.77399
YMW18-063,hybrid,T_Ruby,7.7276,0,f,37.41155,-118.77399
YMW18-066,hybrid,T_Ruby,11.119,0,f,37.41155,-118.77399
YMW18-067,hybrid,T_Ruby,6.4233,0,f,37.41155,-118.77399
YMW18-068,hybrid,T_Ruby,11.2908,0,f,37.41155,-118.77399
YMW18-069,hybrid,T_Ruby,4.3571,0,f,37.41155,-118.77399
YMW18-070,hybrid,T_Ruby,11.1152,0,f,37.41155,-118.77399
YMW18-073,hybrid,T_Ruby,1.2222,0,f,37.41155,-118.77399
YMW18-075,hybrid,T_Ruby,11.0773,0,m,37.41155,-118.77399
YMW18-076,hybrid,T_Ruby,12.6754,0,m,37.41155,-118.77399
YMW18-080,hybrid,T_Ruby,8.0197,0,m,37.41155,-118.77399
YMW18-084,hybrid,T_Ruby,2.4285,0,m,37.41155,-118.77399
YMW18-088,hybrid,T_Ruby,7.4324,0,m,37.41155,-118.77399
SDS06-405A,hybrid,U_FRecess,95.1136,1,f,37.43124,-118.78462
SDS06-405B,hybrid,U_FRecess,95.8788,1,m,37.43124,-118.78462
SDS06-405C,hybrid,U_FRecess,2.5319,0,m,37.43124,-118.78462
SDS06-405D,hybrid,U_FRecess,96.8735,1,f,37.43124,-118.78462
SDS06-405E,hybrid,U_FRecess,2.3921,0,f,37.43124,-118.78462
SDS06-405F,hybrid,U_FRecess,95.7939,1,m,37.43124,-118.78462
SDS06-405G,hybrid,U_FRecess,2.6458,0,f,37.43124,-118.78462
SDS06-405H,hybrid,U_FRecess,97.199,1,m,37.43124,-118.78462
SDS06-405I,hybrid,U_FRecess,0.4746,0,f,37.43124,-118.78462
SDS08-223A,riversi,V_Ottoway ,1.5612,0,f,37.63967,-119.39713
SDS08-223B,riversi,V_Ottoway ,0.9911,0,f,37.63967,-119.39713
SDS08-223C,riversi,V_Ottoway ,2.9832,0,f,37.63967,-119.39713
SDS19-078,riversi,W_Ritter ,94.9985,1,m,37.71442,-119.20355
SDS19-092,riversi,W_Ritter ,1.6348,0,m,37.71442,-119.20355
SDS19-093,riversi,W_Ritter ,96.844,1,m,37.71442,-119.20355
SDS19-094,riversi,W_Ritter ,96.6824,1,m,37.71442,-119.20355
SDS19-095,riversi,W_Ritter ,4.2027,0,m,37.71442,-119.20355
SDS19-096,riversi,W_Ritter ,3.6923,0,f,37.71442,-119.20355
SDS19-097,riversi,W_Ritter ,0.714,0,f,37.71442,-119.20355
SDS19-098,riversi,W_Ritter ,2.6822,0,f,37.71442,-119.20355
SDS06-350B,riversi,X_Lyell,1.3735,0,f,37.74956,-119.25991
SDS06-350C,riversi,X_Lyell,96.948,1,f,37.74956,-119.25991
SDS06-350D,riversi,X_Lyell,1.6758,0,f,37.74956,-119.25991
SDS06-350E,riversi,X_Lyell,2.0322,0,m,37.74956,-119.25991
SDS06-350F,riversi,X_Lyell,3.7728,0,m,37.74956,-119.25991
SDS06-350G,riversi,X_Lyell,1.0288,0,m,37.74956,-119.25991
SDS06-350H,riversi,X_Lyell,95.0191,1,f,37.74956,-119.25991
SDS06-350I,riversi,X_Lyell,96.721,1,m,37.74956,-119.25991
SDS06-350J,riversi,X_Lyell,3.4655,0,f,37.74956,-119.25991
SDS06-350L,riversi,X_Lyell,3.7166,0,m,37.74956,-119.25991
SDS06-350M,riversi,X_Lyell,2.0089,0,f,37.74956,-119.25991
SDS06-350N,riversi,X_Lyell,94.6494,1,f,37.74956,-119.25991
SDS06-350O,riversi,X_Lyell,2.2984,0,f,37.74956,-119.25991
SDS06-350P,riversi,X_Lyell,1.4229,0,f,37.74956,-119.25991
YOSE-084,riversi,X_Lyell,0.5786,0,m,37.74956,-119.25991
SDS08-375A,riversi,Y_Donohue,96.3769,1,f,37.75289,-119.24847
SDS08-375B,riversi,Y_Donohue,29.6574,0,f,37.75289,-119.24847
SDS08-375C,riversi,Y_Donohue,96.5813,1,m,37.75289,-119.24847
SDS08-375D,riversi,Y_Donohue,96.3652,1,f,37.75289,-119.24847
SDS08-375E,riversi,Y_Donohue,96.8432,1,f,37.75289,-119.24847
SDS08-375F,riversi,Y_Donohue,4.2894,0,m,37.75289,-119.24847
SDS08-375G,riversi,Y_Donohue,96.8054,1,f,37.75289,-119.24847
SDS08-375H,riversi,Y_Donohue,96.8806,1,m,37.75289,-119.24847
SDS08-375I,riversi,Y_Donohue,96.6013,1,f,37.75289,-119.24847
SDS08-377A,riversi,Y_Donohue,2.4633,0,m,37.75289,-119.24847
SDS08-377B,riversi,Y_Donohue,1.9421,0,f,37.75289,-119.24847
SDS08-377C,riversi,Y_Donohue,95.4052,1,m,37.75289,-119.24847
SDS08-377D,riversi,Y_Donohue,0.1872,0,f,37.75289,-119.24847
SDS08-377E,riversi,Y_Donohue,96.7279,1,f,37.75289,-119.24847
SDS08-377F,riversi,Y_Donohue,95.3711,1,m,37.75289,-119.24847
SDS08-377H,riversi,Y_Donohue,96.5351,1,f,37.75289,-119.24847
SDS05-0193A2,riversi,ZA_Kuna,1.0764,0,f,37.84874,-119.25929
SDS06-171,riversi,ZB_Conness,96.9353,1,m,37.94329,-119.28616
SDS07-064A,riversi,ZB_Conness,2.734,0,f,37.94329,-119.28616
SDS07-064B,riversi,ZB_Conness,97.6765,1,m,37.94329,-119.28616
SDS07-064C,riversi,ZB_Conness,3.5802,0,m,37.94329,-119.28616
SDS07-064D,riversi,ZB_Conness,2.3694,0,f,37.94329,-119.28616
SDS07-064E,riversi,ZB_Conness,1.2487,0,f,37.94329,-119.28616
SDS07-064F,riversi,ZB_Conness,96.7842,1,m,37.94329,-119.28616
SDS07-064G,riversi,ZB_Conness,1.3871,0,f,37.94329,-119.28616
SDS07-064H,riversi,ZB_Conness,97.3957,1,f,37.94329,-119.28616
SDS07-064I,riversi,ZB_Conness,96.231,1,f,37.94329,-119.28616
SDS07-064J,riversi,ZB_Conness,95.9637,1,f,37.94329,-119.28616
YMW17-204,riversi,ZB_Conness,9.4104,0,?,37.94329,-119.28616
YMW17-208,riversi,ZB_Conness,97.391,1,m,37.94329,-119.28616
YMW17-209,riversi,ZB_Conness,3.0283,0,f,37.94329,-119.28616
YMW17-210,riversi,ZB_Conness,97.4005,1,f,37.94329,-119.28616
YMW17-211,riversi,ZB_Conness,97.5931,1,f,37.94329,-119.28616
YMW17-212,riversi,ZB_Conness,98.0016,1,f,37.94329,-119.28616
YMW17-213,riversi,ZB_Conness,97.7842,1,m,37.94329,-119.28616
YMW17-214,riversi,ZB_Conness,1.1851,0,m,37.94329,-119.28616
YMW17-215,riversi,ZB_Conness,97.8157,1,m,37.94329,-119.28616
YMW17-216,riversi,ZB_Conness,5.1614,0,m,37.94329,-119.28616
YMW17-217,riversi,ZB_Conness,97.0413,1,m,37.94329,-119.28616
YMW17-218,riversi,ZB_Conness,97.7158,1,f,37.94329,-119.28616
YMW17-220,riversi,ZB_Conness,12.9221,0,f,37.94329,-119.28616
YMW17-221,riversi,ZB_Conness,96.0554,1,m,37.94329,-119.28616
YMW17-222,riversi,ZB_Conness,96.6714,1,f,37.94329,-119.28616
YMW17-224,riversi,ZB_Conness,98.0286,1,m,37.94329,-119.28616
YMW17-225,riversi,ZB_Conness,97.863,1,m,37.94329,-119.28616
YMW17-226,riversi,ZB_Conness,2.8148,0,f,37.94329,-119.28616
YMW17-228,riversi,ZB_Conness,2.3784,0,f,37.94329,-119.28616
YMW17-229,riversi,ZB_Conness,97.6541,1,f,37.94329,-119.28616
YMW17-231,riversi,ZB_Conness,97.6443,1,f,37.94329,-119.28616
YMW17-232,riversi,ZB_Conness,96.7637,1,f,37.94329,-119.28616
YMW17-251,riversi,ZB_Conness,97.5,1,m,37.94329,-119.28616
YMW18-000,riversi,ZB_Conness,5.5948,0,m,37.94329,-119.28616
YMW18-001,riversi,ZB_Conness,96.5245,1,f,37.94329,-119.28616
YMW18-003,riversi,ZB_Conness,0.67,0,f,37.94329,-119.28616
YMW18-004,riversi,ZB_Conness,0.3713,0,f,37.94329,-119.28616
YMW18-005,riversi,ZB_Conness,93.7942,1,f,37.94329,-119.28616
YMW18-006,riversi,ZB_Conness,11.7552,0,f,37.94329,-119.28616
YMW18-007,riversi,ZB_Conness,8.4605,0,f,37.94329,-119.28616
YMW18-008,riversi,ZB_Conness,14.432,0,f,37.94329,-119.28616
YMW18-010,riversi,ZB_Conness,79.3663,1,m,37.94329,-119.28616
YMW18-011,riversi,ZB_Conness,96.7711,1,f,37.94329,-119.28616
YMW18-015,riversi,ZB_Conness,3.9391,0,f,37.94329,-119.28616
YMW18-016,riversi,ZB_Conness,95.4037,1,f,37.94329,-119.28616
YMW18-017,riversi,ZB_Conness,94.0887,1,f,37.94329,-119.28616
YMW18-018,riversi,ZB_Conness,6.7807,0,m,37.94329,-119.28616
YMW18-020,riversi,ZB_Conness,8.166,0,f,37.94329,-119.28616
YMW18-021,riversi,ZB_Conness,12.6686,0,f,37.94329,-119.28616
YMW18-023,riversi,ZB_Conness,11.0114,0,f,37.94329,-119.28616
YMW18-024,riversi,ZB_Conness,96.2804,1,f,37.94329,-119.28616
YMW18-028,riversi,ZB_Conness,97.1225,1,f,37.94329,-119.28616
YMW18-097,riversi,ZB_Conness,97.3823,1,?,37.94329,-119.28616
